,name,address,review_count,rating,price,categories,latitude,longitude,yelp_id,name_input,address_input,city_input,hours
0,Banh Mi,"307 Lincoln Blvd, Venice, CA 90291",370.0,4.0,$$,"Vietnamese, Sandwiches",34.0011001,-118.4676563,wRaNjp6XeL10V2mJ2je10A,BANH MI,307 LINCOLN BLVD,VENICE,
1,,,,,,,,,,COFFEE COLAB,305 E 8TH ST 103,LOS ANGELES,
2,Fonda Don Chon,"618 E Shoppers Ln, Covina, CA 91723",1967.0,4.5,$$,"Mexican, Buffets, Breakfast & Brunch",34.07838,-117.88813,iUHHuZmrMZJQLHL_eCQSIQ,FONDA DON CHON,618 SHOPPERS LN,COVINA,
3,,,,,,,,,,MAGDALENO DEBBIE,OLVERA ST E17,LOS ANGELES,
4,,,,,,,,,,CAFE CREPE,1460 3RD ST,SANTA MONICA,
5,Ten Ren's Tea Time,"20311 Valley Blvd, Ste E, Walnut, CA 91789",342.0,3.5,$,"Chinese, Bubble Tea, Desserts",34.0096464741049,-117.859934951944,kUumKscKuHG-Rw_ttMUdSw,TEN RENS TEA TI ME,20311 VALLEY BLVD E,WALNUT,
6,Cafe Momo,"12440 E Imperial Hwy, Ste 115, Norwalk, CA 90650",21.0,3.5,$,"American (Traditional), Breakfast & Brunch, Buffets",33.915487563196,-118.067804189108,4LybhiKlQdoW_ZPvrlcT0w,CAFE MOMO,12440 E IMPERIAL HWY,NORWALK,
7,Cafe Bravo,"1135 W Glenoaks Blvd, Glendale, CA 91202",910.0,4.0,$$,"Middle Eastern, Mediterranean, Armenian",34.1649318,-118.2807983,OI8pxsQ7ktNQkomjn74X4A,CAFE BRAVO,1133 GLENOAKS BLVD #A,GLENDALE,
8,Meet in Paris,"9727 Culver Blvd, Culver City, CA 90232",1561.0,4.0,$$,"French, Breakfast & Brunch, Beer, Wine & Spirits",34.0219647,-118.3962699,byuWxWTmdw-vfJw29B9MoA,MEET,9727 CULVER BLVD,CULVER CITY,
9,,,,,,,,,,FOOD SYSTEMS INC.,2350 E 223RD ST,CARSON,
10,Bread Lounge,"700 S Santa Fe Ave, Los Angeles, CA 90021",755.0,4.5,$$,Bakeries,34.034325,-118.229668,bCynbdA4wd_uc9M5RefVmA,BREAD LOUNGE,700 S SANTA FE AVE,LOS ANGELES,
11,Domino's Pizza,"1802 Huntington Dr, # 8, Duarte, CA 91010",71.0,2.5,$,Pizza,34.139133,-117.96605,OZSYKcqAlcA9N6YEXsp9kg,DOMINO'S PIZZA,1802 E HUNTINGTON DR STE #B,DUARTE,
12,Cafe Dulce,"134 Japanese Village Plz, Bldg E, Los Angeles, CA 90012",2171.0,4.0,$,"Coffee & Tea, Bakeries, Cafes",34.04886,-118.240455,8rVWoDNS6JO-5uXOD3VyXw,CAFE DULCE,134 S JAPANESE VILLAGE PLZ,LOS ANGELES,
13,Coral Cafe,"3321 W Burbank Blvd, Burbank, CA 91505",780.0,3.5,$$,"American (Traditional), Breakfast & Brunch, Sandwiches",34.17616,-118.34678,QhgbU_CYdfYAq3gYBHmrEg,CORAL CAFE,3321 W BURBANK BLVD,BURBANK,
14,La Cabana Restaurant,"738 Rose Ave, Venice, CA 90291",843.0,3.5,$$,Mexican,34.000984476731,-118.46824205741,OE6YkMl3WY8zA5kSsTFZqQ,LA CABANA,738 ROSE AVE,VENICE,
15,Steak ’n Shake,"1455 3rd St Promenade, Santa Monica, CA 90401",603.0,2.5,$$,"Burgers, Fast Food, American (Traditional)",34.0146504,-118.4945481,39NODk79ni7799xln_lIIw,STEAK & SHAKE,1455 W 3RD ST,SANTA MONICA,
16,Silog,"1555 Sepulveda Blvd, Torrance, CA 90501",511.0,4.5,$,"Filipino, Comfort Food, Asian Fusion",33.81614,-118.30486,fJh6sLt1aWf_9L1eLVsckw,SILOG,1555 W SEPULVEDA BLVD,TORRANCE,
17,,,,,,,,,,H.P BAKERY,2881 GAGE AVE,HUNTINGTON PARK,
18,,,,,,,,,,CARAMBA,3020 W MAIN ST,ALHAMBRA,
19,El Llano Restaurant,"13720 Ramona Blvd, Baldwin Park, CA 91706",69.0,4.0,$$,"Mexican, Breakfast & Brunch, Seafood",34.08292,-117.97379,vHhZiY0nkmuX5CjwpPe0oQ,EL LLANO,13720 E RAMONA BLVD,BALDWIN PARK,
20,Thai Corner Restaurant,"2615 Carson St, Lakewood, CA 90712",311.0,4.0,$$,Thai,33.833039843785,-118.160452722453,6lfjEaQ66GD19MpnScdlXw,THAI CORNER,2615 E CARSON ST,LAKEWOOD,
21,Yellow Basket,"22300 S Avalon Blvd, Carson, CA 90745",163.0,3.0,$,"Burgers, Fast Food",33.823912,-118.2632375,jmVfb7e4aOc7Py_divGztg,YELLOW BASKET,22300 S AVALON CIR,CARSON,
22,Cerezo Bakery,"4315 Peck Rd, El Monte, CA 91732",9.0,3.5,$,Bakeries,34.0827484130859,-118.018905639648,-ukkJtTYdsExz_V4WB7alw,CEREZO BAKERY,4315 N PECK RD,EL MONTE,
23,El Pollo Inka,"23705 Hawthorne Blvd, Torrance, CA 90505",1048.0,3.5,$$,"Latin American, Peruvian",33.8100263498143,-118.351483014172,8D4Q0sFjcdSNk7k8fMI7cw,EL POLLO INKA,23705 HAWTHORNE BLVD,TORRANCE,
24,The Hideaway,"5523 South St, Lakewood, CA 90713",62.0,3.0,$,Dive Bars,33.860642,-118.124211,Vvws-b895KUZTxtYWzeS0Q,THE HIDEAWAY,5523 E SOUTH ST,LAKEWOOD,
25,Moishe's Restaurant,"6333 W 3rd St, Ste 336, Los Angeles, CA 90036",394.0,3.0,$$,"Middle Eastern, Mediterranean, Sandwiches",34.0722008,-118.3603668,lkwR-q4rLfzh0HP5JI3RCw,MOISHE'S,6333 W 3RD ST 336,LOS ANGELES,
26,El Tapatio,"1201 Venice Blvd, Los Angeles, CA 90006",5.0,5.0,,Mexican,34.042715,-118.28114,lJQnqxLqHIgQwq6nuOgQTA,EL TAPATIO,1201 W VENICE BLVD,LOS ANGELES,
27,Eggslut,"317 S Broadway, Grand Central Market, Los Angeles, CA 90013",5815.0,4.0,$,"Breakfast & Brunch, Sandwiches",34.0505289,-118.2486189,b4SH4SbQUJfXxh6hNkF0wg,EGGSLUT,317 S BROADWAY ST 101E1,LOS ANGELES,
28,Las Anitas,"26 Olvera St, Los Angeles, CA 90012",203.0,3.5,$$,Mexican,34.0572027862072,-118.238174468279,atUAQ-9rovSumS3uMDCDtQ,LAS ANITAS,OLVERA ST 26,LOS ANGELES,
29,Something's Fishy,"21812 Ventura Blvd, Woodland Hills, CA 91364",694.0,4.0,$$,"Sushi Bars, Teppanyaki, Cocktail Bars",34.168065,-118.602687,4RR6S_wO12Q_Uaw3gBRugg,SOMETHING FISHY,21812 VENTURA BLVD,WOODLAND HILLS,
30,Asava Thai,"970 N Western Ave, Los Angeles, CA 90029",141.0,4.0,$$,"Thai, Asian Fusion",34.0880617420969,-118.308991191081,8325NKyo8lIrVt4KfQwqnQ,ASAVA THAI,970 N WESTERN AVE,LOS ANGELES,
31,Chop Stop,"1001 N San Fernando Blvd, Burbank, CA 91504",483.0,4.0,$,"Vegetarian, Salad",34.187009,-118.317692,A7p2LzqV6lnKohADU0qLYw,CHOP STOP,1001 N S F BLVD UNIT 110,BURBANK,
32,Wok Express,"15330 Amar Rd, Ste D, La Puente, CA 91744",93.0,4.0,$,"Chinese, Fast Food",34.036827,-117.950904,2ySb-iUjS2LzFaLPuWFg5A,WOK EXPRESS,15330 AMAR RD,LA PUENTE,
33,,,,,,,,,,STICKHOUSE,223 BROADWAY ST,SANTA MONICA,
34,Hugo's Tacos,"4749 Coldwater Canyon Ave, Studio City, CA 91604",983.0,3.5,$,Mexican,34.1573104858398,-118.414001464844,C-2IOguYoh_FKiP25Jx9Eg,HUGO'S TACOS,4749 COLDWATER CANYON BLVD,SHERMAN OAKS,
35,Jamba,"5300 Lankershim Blvd, Ste 160, North Hollywood, CA 91601",66.0,3.5,$,Juice Bars & Smoothies,34.1671373060877,-118.375461841531,lkJBA00gh8Re0V6mN8422w,JAMBA JUICE,5300 LNKERSHIM BLVD # 160,NORTH HOLLYWOOD,
36,Jade House,"18207 E Gale Ave, City of Industry, CA 91748",58.0,3.0,$,Chinese,33.9960863,-117.9062025,IinqDCWzU_2fnIdlENUGCg,JADE HOUSE,18207 E GALE AVE,INDUSTRY,
37,Tommy Taco,"970 Gayley Ave, Los Angeles, CA 90024",266.0,3.5,$,Tacos,34.0623468,-118.4479731,m_g1SSCAah3ThdnQD51nmA,TOMMY TACO,970 GAYLEY AVE,LOS ANGELES,
38,Toluco's Restaurant,"497 E Washington Blvd, Montebello, CA 90640",20.0,4.5,$$,Mexican,33.9921920427613,-118.113693145421,Tq7scC1oADtZgFd6qIqycg,TOLUCO'S RESTAURANT LLC,497 E WASHINGTON BLVD,MONTEBELLO,
39,,,,,,,,,,HYGGE BAKERY & CAFE,1106 HOPE ST,LOS ANGELES,
40,,,,,,,,,,APFEL,403 N PCH HWY STE 100,REDONDO BEACH,
41,Dollar Tree,"18409 Avalon Blvd, Ste 6072, Victory Park Shopping Center, Carson, CA 90746",14.0,2.0,$,Discount Store,33.86235,-118.26698,ScQ1W6psmIhQw54dEXLyHA,DOLLAR TREE,18409 S AVALON BLVD,CARSON,
42,Gelateria Uli,"541 S Spring St, Ste 104, Spring Arcade Building, Los Angeles, CA 90013",678.0,4.5,$,"Ice Cream & Frozen Yogurt, Gelato, Coffee & Tea",34.0466413015739,-118.250713186508,6QBrXAfQ9U-DbNf6rAlNIg,GELATERIA ULI,541 S SPRING ST STE# 104,LOS ANGELES,
43,J's Liquors,"22332 Normandie Ave, Torrance, CA 90502",1.0,1.0,,"Beer, Wine & Spirits",33.82334,-118.29796,3LLK5HXzaLQYVuikYZxQ4A,J'S LIQUOR & DELI,22332 S NORMANDIE AVE,TORRANCE,
44,Tenmimi,"2327 Honolulu Ave, Glendale, CA 91020",139.0,4.0,$$,Chinese,34.20621,-118.22909,65urP2c472ANZdlmc_NEww,TENMIMI,2327 HONOLULU AVE,MONTROSE,
45,Hans BBQ Teriyaki,"16022 Amar Rd, City of Industry, CA 91744",95.0,4.0,$,Japanese,34.0358482297691,-117.935578497409,wFvudiojom8D6ixPaqpYzg,HANS TERIYAKI,16022 E AMAR RD,INDUSTRY,
46,Restaurante Sorpresa,"2635 E Gage Ave, Los Angeles, CA 90255",1.0,5.0,,"Mexican, Imported Food",33.9817649,-118.2243174,nfRtFau_PloqC2MWXO3_2Q,RESTAURANTE SORPRESA,2635 GAGE AVE,HUNTINGTON PARK,
47,President Thai Cafe,"9340 Whittier Blvd, Pico Rivera, CA 90660",573.0,4.0,$$,Thai,33.998348,-118.079154,nGMOtYe2K--uvrrV-Y91UQ,PRESIDENT THAI CAFE,9340 E WHITTIER BLVD,PICO RIVERA,
48,Kosmos Burgers II,"416 E Foothill Blvd, San Dimas, CA 91773",228.0,3.0,$,"Burgers, Chicken Wings, Sandwiches",34.123318,-117.800172,MoGSSYb97Up58HJ6CWGNew,KOSMOS BURGER,416 FOOTHILL BLVD,SAN DIMAS,
49,,,,,,,,,,WEILERS,22323 SHERMAN WAY,CANOGA PARK,
50,,,,,,,,,,TACOS DON KICHE,778 N NOGALES ST # E,WALNUT,
51,Bobadia,"5626 Whittier Blvd, Los Angeles, CA 90022",1.0,5.0,,"Bubble Tea, Coffee & Tea, Ice Cream & Frozen Yogurt",34.0178573265,-118.149826191,91ow8JioKDo8XLW9Gct_wA,BOBADIA,5626 E WHITTIER,COMMERCE,
52,The Rice Street,"6000 E Florence Ave, Ste B, Bell Gardens, CA 90201",282.0,4.0,$,"Asian Fusion, Thai",33.9670353,-118.1576338,qTSKc4nxxU7eAs67nYmVXQ,RICE STREET,6000 E FLORENCE ST STE B-C,BELL GARDENS,
53,Golden Stop Liquor,"19927 Golden Valley Rd, Santa Clarita, CA 91321",13.0,4.0,$,"Beer, Wine & Spirits",34.3955232843786,-118.484695293009,7BjW25lRiDSuRyM1Yudncg,GOLDEN STOP LIQUOR,19927 GOLDEN VALLEY RD,SANTA CLARITA,
54,Ocean Bo,"3944 Peck Rd, Ste 1, El Monte, CA 91732",477.0,3.5,$$,"Dim Sum, Cantonese, Seafood",34.0766565678405,-118.021445274353,E7lqJQm0Gw7szRdwZEt8Xw,OCEAN BO RESTAURANT,3944 N PECK RD A1,EL MONTE,
55,Fresh Donuts,"3444 Martin Luther King J, Lynwood, CA 90262",5.0,5.0,$,Donuts,33.93606,-118.20875,TUE96AVgXOKzJ0yys45rOQ,FRESH DONUTS,3444 E MLK JR BLVD,LYNWOOD,
56,Subway,"11340 183rd St, Cerritos, CA 90703",48.0,2.0,$,Sandwiches,33.8654204839612,-118.092074328059,aNqyZe8AQoggQzFxttLawQ,SUBWAY SANDWICHES,11340 E 183RD ST,ARTESIA,
57,Big Jim's Donuts,"2401 Whittier Blvd, Los Angeles, CA 90023",17.0,4.0,$,Donuts,34.0344734191895,-118.215194702148,NS4_pAQisDV--XpGSSDsBA,BIG JIM'S DONUTS,2401 E WHITTIER BLVD,LOS ANGELES,
58,El Unico Pollo Taquero,"794 E Mission Blvd, Pomona, CA 91766",80.0,4.0,$,"Mexican, Barbeque",34.0550459893633,-117.7417483,ROh3LrrR8-sdAa5RH3ltMQ,EL UNICO POLLO TAQUERO #2,794 MISSION BLVD,POMONA,
59,Imperial Bakery,"2536 S Figueroa St, Los Angeles, CA 90007",57.0,4.0,$,"Bakeries, Ice Cream & Frozen Yogurt",34.028215655161,-118.275278988361,5fHRx5_Zi6CJM0MFlOvH1g,IMPERIAL BAKERY,2536 S FIGUEROA ST,LOS ANGELES,
60,A & P Donuts,"1307 Huntington Dr, Duarte, CA 91010",19.0,4.0,$,Bakeries,34.140505,-117.9774,NF8LfPfCjzbjXMsAwb-oaQ,A & P DONUTS,1307 E HUNTINGTON DR,DUARTE,
61,Stater Bros. Markets,"11750 Whittier Blvd, Whittier, CA 90601",58.0,3.5,$$,"Grocery, Delis, Butcher",33.9801,-118.05168,iv87tzOWlApOSsDJqVpjJg,STATER BROS MARKETS #137,11750 E WHITTIER BLVD,WHITTIER,
62,Rainbird Manila Bakeshop & Catering,"16028 Amar Rd, City of Industry, CA 91744",1.0,5.0,,"Caterers, Bakeries",34.0360733,-117.935869,sWhuN62i8EiRZ8oj9IHexA,RAINBIRD MANILA BAKESHOP,16028 E AMAR RD,LA PUENTE,
63,Burger Basket,"12155 Firestone Blvd, Norwalk, CA 90650",105.0,4.0,$,"Burgers, Breakfast & Brunch, Mexican",33.908723,-118.074019,miMRDBuxJ1Rv-lNIhVfu9g,BURGER BASKET,12155 E FIRESTONE BLVD,NORWALK,
64,Boys Burger No 10,"9090 Imperial Hwy, Downey, CA 90242",166.0,2.5,$,Burgers,33.9167137145996,-118.134452819824,-nGgMXU0bH4EZtA_7SA0NQ,THE BOYS BURGERS #10,9090 E IMPERIAL HWY,DOWNEY,
65,Quickly,"18361 Pioneer Blvd, Artesia, CA 90701",132.0,3.5,$,"Juice Bars & Smoothies, Coffee & Tea, Asian Fusion",33.865175,-118.0823349,xeR7mJmfbHWpTtGNalUr4A,QUICKLY,18361 S PIONEER BLVD,ARTESIA,
66,Subway Restaurants,"30817 Thousand Oaks Blvd, Westlake Village, CA 91362",27.0,3.5,$,Sandwiches,34.15576767,-118.7924575,6jYAo494xJvJTbxq0t6ecw,SUBWAY,30817 THOUSAND OAKS BLVD,WESTLAKE VILLAGE,
67,IHOP,"15344 Whittier Blvd, WHITTIER, CA 90603",100.0,2.5,$$,"American (Traditional), Breakfast & Brunch, Burgers",33.94634,-117.99938,7mlXN1FU-RSqcgriKyT6HA,IHOP,15344 E WHITTIER BLVD,WHITTIER,
68,Subway,"23705 W Malibu Rd, Ste 200, Malibu, CA 90265",43.0,2.5,$,Sandwiches,34.0341315783687,-118.691384,xcaASkq06c4MPMgVqhVTdw,SUBWAY SANDWICHES,23705 W MALIBU RD STE,MALIBU,
69,Stone Oven,"6600 Topanga Canyon Blvd, Unit FC6, Canoga Park, CA 91303",254.0,4.0,$,"Salad, Sandwiches",34.1901607760621,-118.602350326845,jA27f50eDZTv4Zb8hQVhbg,STONE OVEN,6600 TPNG CYN BLVD UNIT FC06,CANOGA PARK,
70,Zia Valentina,"6333 W 3rd St, Ste 530, Los Angeles, CA 90036",5.0,2.5,,Cafes,34.0722,-118.36037,UsM2HsAtn7evr5aaxJrtnw,ZIA VALENTINA,6333 W 3RD ST #530,LOS ANGELES,
71,Divino,"11714 Barrington Ct, Los Angeles, CA 90049",174.0,4.0,$$$,"Italian, Wine Bars",34.06407,-118.46946,IH5OdO9k2bzk6qhuoJ2B8Q,DIVINO,11714 BARRINGTON CT,LOS ANGELES,
72,Ramen Izakaya Ajido,"1730 W Sepulveda Blvd, Ste 6, Torrance, CA 90501",322.0,4.0,$,Ramen,33.8163012,-118.3095359,__Y-6qeCR98is7ZLEf9RNg,RAMEN IZAKAYA AJIDO,1730 W SEPULVEDA BLVD 6,TORRANCE,
73,Sushi Fire,"1723 Huntington Dr, Duarte, CA 91010",510.0,4.0,$$,"Sushi Bars, Japanese",34.1398621,-117.9680862,Icg_d_cFeIfonLFRFP24LA,SUSHI FIRE,1723 E HUNTINGTON DR,DUARTE,
74,Siamese Restaurant,"1544 Foothill Blvd, La Verne, CA 91750",153.0,4.0,$$,"Thai, Seafood",34.1159625,-117.7736958,JqRpSVyO9mpu6Eu3Kidm5w,SIAMESE RESTAURANT,1544 W FOOTHILL BLVD,LA VERNE,
75,Wing N Stuff,"3650 W Martin Luther King Jr Blvd, Ste 133, Los Angeles, CA 90008",23.0,3.0,$,Chicken Wings,34.011431,-118.335681,AkxuXPVxqzhGY_soH7g_gQ,WING N STUFF,3650 W MLK BLVD,LOS ANGELES,
76,El Pollo Loco,"5386 Cherry Ave, Long Beach, CA 90805",116.0,2.0,$,"Fast Food, Mexican",33.854101,-118.167525,qx10kvhwLb_uoGNWLjKoCA,EL POLLO LOCO #5420,5386 N CHERRY AVE,LAKEWOOD,
77,Elite Restaurant,"700 S Atlantic Blvd, Monterey Park, CA 91754",1717.0,3.5,$$,"Dim Sum, Seafood, Cantonese",34.0539,-118.13611,CIPw9R8nB9vcVX7oL9f8DA,ELITE RESTAURANT,700 S ATLANTIC BLVD,MONTEREY PARK,
78,Toño's Tacos,"4300 Cesar Chavez Ave, Los Angeles, CA 90022",32.0,3.5,$,Mexican,34.0404251,-118.1734499,D0iHI2CUWgt48Iu-72Oupw,TONO'S TACOS,4300 E CESAR CHAVEZ AVE,LOS ANGELES,
79,Golden Corral Buffet & Grill,"9588 Lakewood Blvd, Downey, CA 90240",300.0,3.5,$$,"Buffets, American (Traditional)",33.9526744,-118.1142341,Y-hf0R_rk7yT1cdbbBQ96w,GOLDEN CORRAL,9588 LAKEWOOD,DOWNEY,
80,,,,,,,,,,SAN PEDRO FISH,78 BERTH PORTS O CALL,SAN PEDRO,
81,Flame Broiler,"2526 S Figueroa St, Los Angeles, CA 90007",94.0,3.0,$,"Asian Fusion, Fast Food",34.0283585,-118.2755585,gCGZtjJoCjis143hl5V48A,THE FLAME BROILER,2526 S FIGUEROA ST,LOS ANGELES,
82,L&L Hawaiian Barbecue,"11413 South St, Cerritos, CA 90703",297.0,2.0,$,"Hawaiian, Barbeque",33.8586349,-118.0897776,AiHpWEj1BqWJK-Vj_jPECw,L AND L HAWAIIAN BARBEQUE,11413 E SOUTH ST,CERRITOS,
83,Amor Indio,"15200 Valley Blvd, City Industry, CA 91746",107.0,4.0,$$,"Mexican, Latin American",34.0272011,-117.964386,GMNv38T8LdX56854RjiPGg,AMOR INDIO,15200 E VALLEY BLVD,LA PUENTE,
84,Bob's Burgers,"14952 Valley Blvd, La Puente, CA 91746",175.0,4.0,$,"Burgers, Fast Food, Mexican",34.030269,-117.967898,KoMwFyqYidmvPSwcJjwNpw,BOBS BURGERS,14952 E VALLEY BLVD,LA PUENTE,
85,Bull Demon King Cafe,"8632 Valley Blvd, Rosemead, CA 91770",197.0,3.5,$$,"Taiwanese, Chinese, Noodles",34.08006,-118.08096,gWY9vaNyQ8NNoIml1XqwhQ,BULL DEMON KING CAFE,8632 E VALLEY BLVD STE J&K,ROSEMEAD,
86,,,,,,,,,,R&S,12950 VICTORY BLVD,VAN NUYS,
87,Green Room,"150 W 3rd St, Pomona, CA 91766",57.0,3.5,$$,"American (New), Cocktail Bars",34.0567436,-117.7506866,Q3-3gycJEVG5CtxBmag4cg,GREEN ROOM,150 W 3RD ST,POMONA,
88,Golden Ox,"10903 Main St, El Monte, CA 91731",32.0,3.5,$,"Breakfast & Brunch, Burgers, Mexican",34.07504,-118.03735,RqvR6cVOtZ7m2KdKElQhdw,GOLDEN OX,10903 MAIN ST,EL MONTE,
